UserID,Probability1
3,0.6870388657
4,0.4534506036
10,0.5652420273
14,0.1184045381
16,0.5500465766
23,0.5170619100
29,0.6118886907
33,0.5694213808
37,0.4731736982
45,0.6697878731
47,0.7815062786
54,0.2783554573
55,0.5770854116
60,0.4643356415
68,0.8064488916
79,0.6149155450
90,0.7192010566
93,0.6632439595
98,0.5621355038
101,0.5762105806
107,0.5477143381
109,0.4378196100
113,0.6028276579
116,0.5891397354
118,0.4537030262
119,0.6499261446
120,0.7821218134
126,0.3890242066
131,0.7924708275
134,0.8873056524
135,0.7589093250
137,0.8038838892
139,0.3193781186
140,0.4505431056
141,0.8525526311
142,0.2188197986
152,0.8498873680
162,0.6454606109
164,0.6209635249
168,0.6962403210
172,0.8592216704
173,0.3922447725
176,0.8481908872
179,0.5767817336
181,0.6739817330
182,0.3084168521
183,0.3975636266
186,0.8214876782
189,0.6730401995
192,0.4266803698
193,0.7377541771
194,0.7540699216
196,0.5908457720
197,0.8047069996
198,0.3988737419
201,0.6412724225
204,0.6725000372
205,0.3494420256
210,0.5889127025
213,0.5136214835
216,0.4460342845
221,0.7419880670
234,0.1266160882
237,0.3555285310
241,0.5123437827
246,0.2748071088
258,0.7873761780
261,0.2195863590
262,0.5784048605
271,0.5471503612
279,0.6445724404
280,0.5527925864
288,0.3513701610
291,0.5561065781
296,0.1986906699
301,0.7072756222
305,0.1221102580
306,0.6358511236
310,0.6224679196
313,0.8106420144
315,0.5709781192
317,0.6357262433
318,0.8487952448
319,0.3614806023
321,0.7572421667
323,0.5920136187
324,0.3676727653
325,0.8143204999
326,0.6018513139
327,0.5271737137
328,0.5568314037
331,0.5209721067
340,0.8169805283
342,0.5477239911
344,0.7216562120
346,0.6770242950
347,0.8552159311
358,0.1260206666
368,0.2086431469
369,0.5000000000
382,0.4271132341
383,0.8631371691
384,0.3637782140
385,0.6689099232
386,0.7862430406
392,0.5908854190
396,0.6594325305
397,0.2681853065
399,0.4748116182
400,0.8850222430
402,0.4398972592
404,0.5251788005
405,0.2869790181
410,0.3429784571
412,0.3823250492
415,0.4447625185
416,0.5889285990
418,0.6333877826
419,0.4806665708
421,0.2744002039
422,0.7751638171
424,0.7137142923
437,0.8149486041
440,0.6745840260
442,0.6748966763
443,0.4181413754
447,0.7051643903
448,0.5819723055
449,0.6148674297
453,0.6086713771
465,0.6370254623
467,0.7406824465
468,0.5485480131
470,0.2514064205
472,0.6458265830
476,0.4775414419
484,0.6445982045
486,0.8037360830
487,0.4872914031
492,0.7718348975
494,0.5135576808
495,0.6484750583
503,0.5000000000
505,0.7364144788
514,0.2300612441
516,0.4609875537
518,0.5570896947
521,0.2559490648
523,0.5262141288
529,0.3463866509
531,0.6080688046
533,0.6002310614
534,0.4012927378
536,0.3183009461
545,0.7510803826
549,0.8556628859
553,0.6821629475
555,0.3321429935
561,0.4885876506
562,0.6857742075
563,0.7928316416
567,0.2594715416
569,0.4171469276
570,0.4465426957
575,0.9190054108
577,0.7326212566
579,0.4747510636
581,0.4023593019
582,0.6227524037
583,0.1732439440
590,0.4341453518
598,0.4664604693
600,0.6284137830
603,0.7672498781
604,0.7190004097
606,0.5916452802
619,0.7402272938
621,0.6067466836
622,0.8313591198
623,0.1506429120
627,0.7925000452
633,0.8147953223
636,0.8253795709
639,0.4539587301
643,0.6702264228
653,0.2076299026
654,0.8834273092
660,0.8081216601
681,0.4062460226
685,0.6921383760
691,0.4169577506
696,0.6459393689
698,0.2389488991
699,0.7998285336
700,0.6357852029
703,0.8584539567
705,0.8472162245
707,0.8648889721
708,0.7050395442
711,0.5382311389
712,0.8999407332
716,0.3519195339
719,0.7670396761
722,0.6452114465
724,0.2600798411
727,0.3116354265
730,0.8136930554
736,0.7118623190
743,0.7592597124
753,0.7480283218
755,0.2261362356
765,0.6691225902
774,0.7272587351
775,0.2515073182
778,0.5928729119
784,0.5907352508
788,0.8787087280
789,0.3486695142
791,0.4909957439
797,0.4339471092
798,0.3353561333
800,0.6847068410
802,0.0797435607
807,0.3392500340
810,0.8579134119
811,0.4153557627
820,0.8054433960
821,0.7011513149
822,0.5429791062
823,0.6692732709
824,0.8631668145
826,0.0953278995
828,0.5123391338
831,0.4949126810
832,0.1737750063
833,0.1890922184
834,0.4923949646
837,0.7005246713
838,0.8292496841
841,0.3941783225
843,0.6676576545
844,0.3964166858
850,0.8066415691
853,0.5617630695
855,0.2872563162
856,0.7444086225
860,0.2718632683
864,0.2101217276
868,0.3307310978
875,0.3044100592
876,0.1313456582
877,0.6143925076
879,0.4487945656
889,0.7514012360
890,0.4710011587
894,0.3478058354
896,0.6101690793
897,0.6343468835
904,0.1785214177
905,0.6149331425
907,0.3748073090
909,0.2377809916
913,0.5000000000
925,0.3667031153
926,0.4287478683
927,0.6825896758
928,0.3880110534
931,0.4934512042
932,0.8222104239
934,0.5561355280
935,0.3541524842
939,0.3566655955
941,0.5069550340
942,0.0849161473
947,0.5424177062
948,0.2943387617
950,0.6299226311
951,0.2978271318
958,0.3867612198
959,0.6270675739
960,0.8020020389
966,0.2282902545
975,0.6645775828
985,0.8161815452
992,0.2477329371
993,0.1440973151
994,0.1291313595
995,0.1616700994
998,0.6524685413
1001,0.8619204394
1009,0.2952154653
1011,0.3079448799
1012,0.6931585728
1013,0.6802374232
1014,0.3117439498
1028,0.8327113527
1032,0.6134468163
1033,0.7628627859
1037,0.1898997860
1051,0.4561474938
1052,0.1375138918
1055,0.5000000000
1061,0.2708117434
1067,0.6239702197
1071,0.7287170207
1073,0.7998829143
1075,0.2944912148
1077,0.4732399738
1078,0.1467653294
1081,0.4869349167
1082,0.7204309816
1088,0.8670676989
1094,0.5531013222
1100,0.1262615037
1102,0.7853362291
1103,0.3850015289
1112,0.8396871832
1114,0.8148909576
1117,0.7951502263
1118,0.6562190623
1127,0.8267300872
1130,0.8724803696
1131,0.6699523873
1132,0.5657058868
1136,0.2818416396
1139,0.4869892614
1151,0.8730456063
1152,0.7653810110
1153,0.8073195896
1155,0.6940406046
1158,0.5176819610
1161,0.8087916242
1165,0.7312160145
1166,0.5397047645
1172,0.6612813167
1173,0.5000000000
1177,0.3518609924
1178,0.5568285915
1179,0.3990494262
1180,0.2761491855
1181,0.2185822077
1182,0.7476124957
1187,0.6966023082
1190,0.8434420370
1194,0.7994842014
1197,0.5235541316
1198,0.2774059381
1203,0.5108834002
1206,0.8760013695
1208,0.5000000000
1212,0.8394854113
1214,0.8417787755
1217,0.3914821902
1220,0.4268822586
1225,0.7394571345
1232,0.4745956732
1234,0.4836664091
1241,0.6859108573
1247,0.6824222598
1250,0.4624267950
1251,0.7645595251
1255,0.8752247119
1256,0.5937984124
1260,0.7109612084
1261,0.7684985313
1266,0.7683570982
1270,0.5989564415
1272,0.6869603829
1274,0.5402125131
1288,0.5300978071
1290,0.8425723022
1291,0.6801502512
1294,0.4521706573
1295,0.5455390755
1297,0.7942672147
1300,0.7201778399
1303,0.7146915322
1306,0.5525305258
1311,0.4201125779
1315,0.2138489754
1320,0.3448510906
1324,0.7697559002
1326,0.3722498946
1335,0.6133310180
1337,0.6702753893
1339,0.3932936180
1343,0.6360022708
1345,0.6383178553
1348,0.7014924665
1350,0.3309288665
1355,0.3572905232
1357,0.6125605435
1366,0.6403385302
1371,0.4765502742
1373,0.5116252805
1376,0.6131323424
1386,0.7050352987
1387,0.5111317643
1394,0.6263555948
1397,0.0894373543
1400,0.6970646562
1403,0.5499295317
1405,0.4543534755
1409,0.5588734191
1412,0.3230410763
1413,0.2911496045
1416,0.7658716542
1420,0.3172310509
1421,0.8121872352
1423,0.7949829536
1440,0.7321040705
1443,0.8928771542
1445,0.6059254294
1449,0.8664210535
1451,0.4824025850
1452,0.1882022981
1457,0.5000000000
1460,0.2173727594
1463,0.2857389253
1464,0.2216074069
1466,0.6501100846
1468,0.8153169373
1469,0.7883071018
1472,0.2766820558
1473,0.8100118599
1474,0.1508119410
1475,0.5767906297
1476,0.6825291595
1477,0.7306765902
1478,0.8525906980
1479,0.8208845417
1482,0.8495943493
1485,0.3188235654
1493,0.8940337185
1499,0.9204934718
1502,0.6340570196
1503,0.3481389248
1505,0.4022306278
1507,0.8200968408
1511,0.2127047468
1516,0.8519596238
1522,0.3068402666
1543,0.4348252971
1545,0.5463802028
1548,0.7261933399
1550,0.7642362774
1552,0.6737381080
1553,0.6987830894
1558,0.4546576132
1560,0.8730561170
1562,0.5944569549
1565,0.4926039996
1566,0.1582116509
1572,0.7905578920
1576,0.6266978876
1578,0.6664672599
1582,0.2860001924
1591,0.5205637747
1592,0.1485617924
1593,0.6799972630
1594,0.6283583396
1602,0.2604523215
1604,0.5384389560
1605,0.6803382361
1607,0.6460211816
1617,0.9060844058
1619,0.4613953222
1621,0.8643726864
1628,0.6555461130
1630,0.5218442731
1632,0.5000000000
1633,0.2931446700
1636,0.3699162096
1647,0.2337871807
1648,0.6138299851
1657,0.1823340577
1658,0.8353549671
1667,0.1878373274
1669,0.3204142850
1684,0.2134542736
1688,0.3798397024
1689,0.6931293520
1692,0.7740134690
1694,0.3498037196
1699,0.5311819566
1703,0.4758570550
1704,0.6769423349
1707,0.2693896632
1720,0.6202119678
1727,0.2840020607
1728,0.4477125088
1729,0.7091589972
1736,0.5000000000
1737,0.8257497261
1744,0.5140414670
1746,0.6032098041
1747,0.9273605622
1751,0.5273421528
1755,0.6041286905
1760,0.5000000000
1761,0.7368975730
1762,0.8193360743
1763,0.3598068771
1764,0.4637293547
1766,0.1291239355
1776,0.8372181991
1781,0.4052497911
1787,0.6375832787
1798,0.5051537246
1801,0.7762598787
1808,0.6932646619
1811,0.3900541106
1812,0.7398316959
1813,0.6503543826
1816,0.7483803144
1817,0.4186026004
1818,0.7590049869
1823,0.6237338353
1826,0.2450184801
1828,0.4532685547
1831,0.6541641240
1833,0.7221456818
1839,0.7249357598
1847,0.3731105998
1850,0.7057446197
1855,0.7408667384
1864,0.6712596957
1866,0.2568583271
1872,0.6527174748
1874,0.5941996888
1875,0.9108572755
1886,0.4431355762
1889,0.8580913002
1894,0.8342938638
1899,0.4936280253
1902,0.8027176790
1903,0.1050740691
1904,0.7666832464
1908,0.2975482399
1910,0.2823349033
1912,0.4666281079
1913,0.4847964619
1921,0.2100848888
1927,0.5310246017
1928,0.6898751738
1940,0.5279852595
1943,0.4036685045
1944,0.3789784346
1947,0.4855322297
1952,0.0795151767
1959,0.3916638038
1964,0.4367470650
1966,0.6052749045
1969,0.4208357232
1978,0.8350615004
1980,0.5456291265
1983,0.7540248706
1988,0.4512621080
1990,0.7739285865
1995,0.5247621070
1996,0.8819502269
2001,0.8337824367
2006,0.4924210558
2007,0.4944685258
2011,0.3798393851
2020,0.3636089836
2021,0.4597925425
2022,0.3978919750
2028,0.5561220373
2034,0.6120769055
2036,0.5207308459
2037,0.7500607269
2038,0.4170822555
2045,0.2251316292
2047,0.7883906066
2052,0.5554790743
2058,0.9007604050
2061,0.1047155280
2065,0.1379715172
2067,0.6062960350
2068,0.6973963424
2070,0.5388613944
2071,0.6045588656
2072,0.6589577429
2075,0.6665443935
2076,0.6006336697
2084,0.4167947035
2094,0.4872974530
2095,0.3065796920
2101,0.7361171195
2104,0.2208496004
2112,0.8459708433
2114,0.2204118066
2117,0.7498306001
2118,0.6688039147
2123,0.7808345049
2129,0.7821217512
2131,0.1499004875
2140,0.6621743252
2141,0.5254982554
2146,0.5673145857
2147,0.4860952399
2148,0.3774849058
2151,0.8114837457
2153,0.5838468332
2156,0.7144551518
2160,0.6082035647
2177,0.6475985882
2178,0.7130687935
2188,0.2728579152
2192,0.4277237274
2198,0.5974436051
2199,0.8114065982
2203,0.7214440883
2207,0.4476416753
2210,0.6470920274
2222,0.2243779589
2227,0.6466783339
2228,0.3498961871
2230,0.8066978799
2231,0.4237336588
2236,0.3742395320
2243,0.7801376283
2244,0.6285696388
2253,0.3776402466
2256,0.5843085463
2259,0.4288127689
2263,0.7236951757
2265,0.7015096088
2267,0.7794499537
2270,0.3858356535
2272,0.5940965210
2273,0.4902675297
2276,0.6666531271
2279,0.2264709396
2281,0.2973581321
2284,0.6290021720
2285,0.4455845719
2287,0.2643403327
2292,0.8761744969
2296,0.4426935476
2298,0.7002553242
2305,0.8002871664
2306,0.7171470745
2309,0.1164885255
2310,0.3766154250
2312,0.3175086271
2316,0.6070326456
2319,0.5966561951
2320,0.9108092634
2326,0.7412409737
2331,0.6706879688
2335,0.6979491360
2336,0.4194095655
2341,0.6341923903
2345,0.7423429932
2346,0.4231283807
2348,0.2697229640
2352,0.8429469606
2353,0.2759678794
2355,0.7211417608
2359,0.6456942268
2360,0.7155262578
2371,0.4913227282
2378,0.3745061011
2381,0.8026485373
2386,0.1641642684
2390,0.2316184817
2391,0.5431908803
2392,0.7275303337
2393,0.7364568652
2398,0.4826460196
2402,0.2473350959
2404,0.7119975462
2409,0.5845879499
2410,0.8823781457
2412,0.7905978949
2417,0.6888809936
2419,0.5447233198
2422,0.5444643851
2424,0.1533238472
2430,0.6175749218
2434,0.6120505277
2441,0.2803186924
2444,0.5387016633
2449,0.5738161914
2453,0.5000000000
2455,0.3713431225
2456,0.3852241755
2462,0.8120582404
2464,0.6338988806
2465,0.6561413459
2466,0.2790566744
2468,0.4721655831
2469,0.5653787333
2470,0.4709945666
2474,0.6840143961
2479,0.3764492311
2480,0.8228048277
2483,0.7701308075
2485,0.5210050816
2486,0.6965750481
2496,0.4455596550
2497,0.8992114833
2498,0.7480295943
2509,0.5716449358
2511,0.8699184235
2513,0.9257739963
2516,0.2761782108
2523,0.6602349561
2525,0.4027394413
2527,0.4209430885
2528,0.5179300837
2533,0.3537277770
2540,0.5614228140
2543,0.4536260956
2544,0.8081757367
2549,0.5577392154
2551,0.8362843635
2558,0.2775973342
2572,0.1782673572
2573,0.8019103140
2574,0.7171129510
2576,0.3188738534
2579,0.2894990528
2584,0.7797580516
2589,0.7076076195
2597,0.8439071206
2599,0.2827205666
2605,0.4861750488
2608,0.6123515966
2614,0.2773961538
2619,0.8017667718
2622,0.1763419391
2623,0.7214685250
2624,0.9119212476
2625,0.2038838858
2640,0.7350673427
2642,0.5422319208
2646,0.2645964390
2649,0.6464348968
2662,0.6623023714
2663,0.2656965921
2664,0.7046507256
2671,0.4460811766
2677,0.3390669193
2679,0.5000000000
2683,0.8106075226
2685,0.5646964251
2694,0.6492998775
2697,0.7934875985
2700,0.7357417941
2706,0.7297590966
2710,0.2645492546
2719,0.5454025367
2731,0.6718522834
2734,0.3225775158
2736,0.6711886549
2745,0.8516474202
2746,0.2846971391
2750,0.5162788008
2755,0.4129060908
2757,0.7209227321
2776,0.6375764534
2787,0.4461543253
2788,0.7535593512
2789,0.9012637594
2791,0.7046658183
2793,0.5082637785
2795,0.4138684076
2800,0.2160498500
2801,0.3155929443
2806,0.8883408046
2808,0.5000000000
2813,0.5000000000
2814,0.8569897640
2819,0.6212295184
2820,0.5838212556
2823,0.3331853797
2830,0.3989144844
2832,0.7426824366
2838,0.4294012349
2839,0.3019349364
2845,0.7252427528
2846,0.6032247773
2856,0.5000000000
2858,0.7665483726
2860,0.7957099635
2864,0.2544279261
2866,0.7082917158
2871,0.7489608744
2875,0.3807303759
2882,0.3046321613
2891,0.3850827632
2892,0.7996365036
2898,0.5000000000
2900,0.1763108291
2907,0.8827347327
2915,0.3779093701
2917,0.5730306481
2926,0.2465534087
2928,0.4246251572
2932,0.6533625103
2950,0.5717339241
2958,0.7704805588
2967,0.7087049962
2982,0.3455733931
2983,0.5122598226
2994,0.4944080700
2997,0.3276406294
3013,0.7312443597
3016,0.8335637608
3026,0.2207637688
3031,0.6638292993
3032,0.7909950604
3041,0.6028261359
3045,0.6340022183
3050,0.4696947635
3057,0.2576067926
3060,0.3537966014
3061,0.8958712586
3064,0.6227430443
3065,0.1409475214
3068,0.4051094198
3082,0.5000000000
3094,0.8098971150
3095,0.4163720289
3096,0.2438924798
3098,0.6822683403
3103,0.8450885127
3108,0.8108239718
3117,0.5312123980
3118,0.7937261904
3127,0.3571674942
3129,0.3943750412
3131,0.5267682957
3134,0.8314914049
3136,0.7482884845
3139,0.4216017008
3142,0.7014939641
3147,0.4412302501
3154,0.4936728605
3156,0.5798836100
3159,0.6652472234
3163,0.6776332438
3166,0.5884524353
3172,0.7043973997
3173,0.7971358336
3178,0.4871609757
3180,0.2539614670
3185,0.7314495796
3187,0.1700114490
3189,0.6001677869
3193,0.5870511121
3194,0.8376746303
3195,0.7556448650
3198,0.8013954205
3205,0.2213599226
3207,0.4497868027
3208,0.4761641320
3213,0.5000000000
3214,0.6679311878
3215,0.5000000000
3225,0.2763569161
3227,0.5655876667
3232,0.4455978383
3244,0.9302247357
3246,0.3157405356
3248,0.4197383641
3252,0.6316248204
3255,0.3049482974
3263,0.3862271691
3265,0.4778024256
3274,0.8262912687
3287,0.7789380648
3296,0.6645348517
3299,0.8168363887
3301,0.6372906545
3302,0.5530579938
3304,0.3836281344
3306,0.6176044994
3308,0.6541968469
3313,0.7818291383
3321,0.4496994531
3326,0.6752715303
3327,0.6930308971
3332,0.1129472418
3334,0.5000000000
3336,0.2422987797
3346,0.4733628765
3347,0.6164162791
3348,0.4472197062
3351,0.4518456508
3360,0.3454709460
3366,0.3813777944
3367,0.6476508219
3369,0.4605535636
3371,0.6791424128
3372,0.8288233268
3385,0.4329875296
3389,0.5974950389
3390,0.4851828477
3392,0.5000000000
3393,0.2115431094
3394,0.5650225856
3396,0.6887651777
3412,0.6012658554
3413,0.9040954169
3420,0.4491095266
3425,0.4238774840
3427,0.6970321809
3430,0.5845410851
3432,0.6275174690
3433,0.4894373101
3434,0.7098244218
3442,0.8364604945
3447,0.2411883771
3461,0.2824195294
3462,0.4673181416
3464,0.3744760887
3471,0.7674108624
3475,0.6995436497
3476,0.7062091243
3487,0.5235437881
3488,0.7828033456
3490,0.4505689744
3498,0.7916364623
3499,0.8021289091
3500,0.7431624396
3506,0.5227525348
3511,0.5735614175
3512,0.5909598742
3514,0.8067833397
3518,0.6582353357
3523,0.6339217932
3525,0.3078118119
3533,0.6160891077
3537,0.5659857101
3543,0.6874626475
3545,0.3151983409
3550,0.8236664667
3554,0.7625623979
3555,0.4262712419
3558,0.6646726839
3559,0.4022188765
3562,0.2296600168
3564,0.6952022729
3566,0.9191431296
3567,0.7537072808
3572,0.7809682450
3573,0.5957055643
3574,0.3281606302
3576,0.7722751040
3579,0.8305581752
3588,0.9246596888
3590,0.8746943616
3592,0.7555417146
3593,0.7605852528
3594,0.5912908900
3596,0.1821502760
3601,0.5842258717
3602,0.8273097429
3604,0.2449981181
3607,0.6888639775
3613,0.0911168603
3618,0.8588907344
3621,0.7044062609
3631,0.3399109232
3641,0.8163139956
3646,0.8441898678
3657,0.6812080446
3660,0.6095584390
3665,0.5195641865
3666,0.1600706391
3676,0.8171134895
3680,0.6480366190
3682,0.7926021555
3695,0.5669153889
3704,0.3939882978
3707,0.5000000000
3712,0.5221148687
3713,0.2940113920
3714,0.2510425930
3715,0.5937259146
3719,0.2461423318
3733,0.4299976563
3735,0.7187812054
3736,0.7413544709
3737,0.8413048810
3738,0.3287124553
3743,0.5136900641
3744,0.8420380554
3746,0.2074555322
3747,0.2285547831
3749,0.6837133295
3753,0.7665623095
3758,0.5673114377
3764,0.2467365915
3767,0.2820107895
3769,0.2094327922
3781,0.2824912612
3782,0.4909004811
3784,0.4571281616
3788,0.8255628577
3793,0.5300270145
3801,0.4753021315
3805,0.3535026280
3807,0.8535777498
3808,0.4612849748
3809,0.6708995133
3810,0.7030621675
3813,0.4385775113
3816,0.2593404721
3817,0.3821073151
3820,0.6007597534
3833,0.2955626069
3835,0.5804921929
3837,0.7497325545
3839,0.4064656671
3840,0.4067677643
3843,0.3696710508
3848,0.7273146674
3850,0.7716223077
3851,0.1911709056
3859,0.3748858522
3866,0.8081298612
3870,0.5072615661
3873,0.5237539299
3881,0.5717271125
3882,0.4126330293
3889,0.5152225908
3906,0.6217768700
3908,0.5440952289
3909,0.5718583569
3910,0.8531368728
3913,0.8672652643
3915,0.6119413351
3917,0.3751588690
3922,0.4482090875
3923,0.7290861481
3924,0.7656764109
3933,0.8366779014
3935,0.2465539806
3939,0.1201320405
3960,0.7935968535
3971,0.5194338714
3976,0.3962626922
3977,0.4889446719
3987,0.1861648622
3990,0.3030620710
4005,0.2354738357
4008,0.6148262127
4009,0.8908388226
4011,0.3489512081
4012,0.8833981343
4020,0.4360834781
4021,0.3227298402
4022,0.2494600922
4027,0.7606130736
4028,0.4183324368
4030,0.4908711868
4031,0.2221331632
4035,0.4169052843
4036,0.3958313003
4037,0.5798771907
4039,0.3221878264
4044,0.2880510692
4046,0.5790373466
4054,0.3875009785
4056,0.5632206942
4059,0.6264676348
4062,0.6439301825
4064,0.6670093569
4067,0.4179765071
4072,0.6199273983
4090,0.7162061378
4095,0.3003337163
4099,0.9285881926
4102,0.5975758705
4103,0.6775716670
4105,0.1410606215
4110,0.4529668928
4112,0.1658660703
4114,0.7640079104
4116,0.2917408285
4117,0.1127924850
4118,0.8091383190
4124,0.5929281574
4126,0.7251435182
4137,0.7854481963
4141,0.3975422054
4149,0.5097220727
4150,0.7862816064
4152,0.3682432106
4158,0.5272596700
4162,0.5050415281
4163,0.4700199064
4165,0.6803704519
4167,0.6656497406
4170,0.3314453714
4173,0.8252494304
4183,0.8354894172
4188,0.3369411683
4191,0.4121065270
4192,0.2966606569
4195,0.3709780754
4199,0.4391437651
4203,0.2059206546
4208,0.6910531007
4218,0.5576847069
4231,0.3389000512
4233,0.7094355155
4234,0.8157813613
4240,0.2295189912
4247,0.7459574874
4249,0.1778218492
4254,0.7915881215
4256,0.5470751900
4258,0.6448073884
4260,0.3890537405
4262,0.7856595131
4267,0.2406735605
4280,0.1835793936
4281,0.8433156187
4282,0.4789527062
4284,0.8149296508
4285,0.6653758795
4288,0.6045514044
4300,0.3960097694
4301,0.5930986994
4302,0.1954196573
4303,0.3742646327
4305,0.2974439101
4308,0.3146657108
4314,0.2159786550
4315,0.6114991194
4325,0.6954398822
4327,0.7555299700
4330,0.5613289961
4334,0.5926032365
4340,0.4834965000
4347,0.3475980256
4349,0.8884875993
4362,0.3527147503
4370,0.3772362617
4372,0.3828532209
4377,0.3290118773
4379,0.7923880858
4383,0.3672274216
4392,0.7721773228
4393,0.6786830300
4394,0.3355333208
4402,0.6901648907
4406,0.3157260138
4409,0.8102768728
4411,0.8238159823
4412,0.5630429625
4418,0.8216873820
4420,0.7527357454
4422,0.4382513168
4431,0.3292811368
4433,0.2185902035
4435,0.5000000000
4445,0.6449572120
4449,0.6587364660
4451,0.4483130189
4457,0.4247857874
4458,0.3008226579
4460,0.2841285047
4462,0.5168247295
4464,0.5790506099
4466,0.5527095460
4469,0.9101657429
4472,0.3286788144
4473,0.5181374922
4475,0.2639980390
4478,0.4404759211
4481,0.5903307184
4482,0.6689400154
4484,0.3210093788
4494,0.3722599107
4496,0.8306439354
4497,0.7694101283
4507,0.6397423018
4510,0.3411270753
4513,0.3483475541
4525,0.1472816692
4530,0.8216958449
4537,0.8703543911
4542,0.6878580384
4543,0.3578920804
4544,0.8325384371
4546,0.1293790875
4547,0.7671593603
4558,0.8171032997
4568,0.5713121707
4569,0.4341028649
4572,0.1538291356
4579,0.8091528355
4580,0.5000000000
4584,0.4433168080
4586,0.6751536415
4598,0.2510943530
4602,0.7011972988
4607,0.2540467138
4610,0.6938397537
4613,0.4580590879
4620,0.4548642842
4623,0.6307320038
4626,0.5000000000
4629,0.6105269390
4631,0.2500562853
4633,0.7604094383
4634,0.7835234589
4635,0.8932237009
4638,0.3029695403
4639,0.9089899682
4641,0.6561491992
4644,0.5744284399
4646,0.5823069577
4650,0.7774866743
4658,0.2681392586
4661,0.6543808219
4665,0.4119839223
4672,0.7998023376
4680,0.2094474343
4683,0.0956559638
4690,0.8504757622
4693,0.7679103138
4694,0.8147570712
4695,0.4148550936
4698,0.7637647090
4699,0.4722413887
4702,0.5941888277
4710,0.7284383096
4711,0.4009049577
4715,0.5237822232
4718,0.6728436727
4734,0.7826085213
4738,0.2076802719
4740,0.5988310399
4757,0.4143885509
4759,0.6083392399
4761,0.8103940652
4768,0.2794046922
4770,0.2791714296
4773,0.8125452282
4778,0.7062206779
4782,0.1600761049
4785,0.6364356611
4787,0.6853908859
4795,0.7865951277
4797,0.6449334890
4799,0.9411543878
4803,0.5294710239
4804,0.6103893000
4805,0.7192389241
4814,0.0806813261
4815,0.9037376528
4821,0.8303067156
4823,0.5314009860
4824,0.6558915315
4840,0.6116661721
4842,0.7865466369
4844,0.8012793294
4848,0.2179110148
4850,0.3068486126
4851,0.7765404558
4859,0.3225031102
4861,0.5907738909
4863,0.2679569760
4865,0.3704314276
4867,0.6315886289
4870,0.8133533753
4872,0.7307505250
4874,0.3011737622
4877,0.5890051930
4883,0.2946244419
4884,0.5162660421
4885,0.8638240828
4895,0.8649194199
4901,0.8618108095
4902,0.5954772820
4903,0.9445822610
4904,0.4940827186
4905,0.8466789817
4910,0.7872994464
4915,0.3484822510
4918,0.4398998898
4920,0.2204595033
4922,0.5232416501
4924,0.2747314569
4933,0.8514221398
4934,0.3847939154
4935,0.5606693248
4939,0.4769811321
4940,0.7526376265
4943,0.6860822983
4944,0.3930207106
4946,0.5351969909
4948,0.7204178872
4950,0.4017257438
4952,0.2607259926
4955,0.7096034855
4956,0.4402884196
4961,0.8387481130
4964,0.6737376441
4967,0.5910020879
4968,0.7474916496
4969,0.8851155431
4974,0.1892679887
4978,0.7632264071
4981,0.6789163181
4989,0.8495594249
4990,0.1480820680
4991,0.3362922228
4993,0.6904877095
4995,0.6625137295
5001,0.6255091481
5002,0.7653515826
5008,0.8306812118
5013,0.7698885858
5019,0.1942083060
5021,0.7345053423
5022,0.1921153076
5026,0.5082044639
5034,0.6310408824
5038,0.7185706434
5040,0.4738104281
5042,0.8261818079
5047,0.4757250002
5048,0.3979464689
5054,0.3553889779
5063,0.8108155860
5064,0.5677887178
5066,0.2128123484
5070,0.7939858767
5073,0.2239308216
5074,0.3756824703
5075,0.8810534838
5077,0.6846536659
5078,0.8432104189
5080,0.5211733530
5086,0.4841017479
5090,0.6983008157
5096,0.8692271947
5097,0.3008872706
5098,0.8622318336
5100,0.5958924369
5103,0.8650219864
5107,0.5626116608
5108,0.2757402163
5114,0.6136898820
5115,0.2690747383
5133,0.5655425964
5134,0.6498805065
5137,0.8789864957
5138,0.7719347411
5143,0.8487605116
5144,0.7054759096
5159,0.7796643005
5160,0.3355922395
5161,0.2036281521
5164,0.4943677800
5165,0.5791096167
5179,0.6294091048
5182,0.5452602186
5187,0.1899086730
5188,0.4410433008
5189,0.6509051948
5194,0.4128299394
5197,0.6139836823
5198,0.8122497580
5203,0.1677922194
5206,0.2596673722
5208,0.7983506462
5216,0.4166736700
5224,0.5667518293
5226,0.4943238544
5229,0.3864026770
5236,0.7350266860
5240,0.8297501746
5242,0.7590057051
5249,0.5290781820
5250,0.6228100534
5253,0.7643249280
5255,0.3554025527
5256,0.6847442872
5260,0.8179898963
5265,0.5114337658
5266,0.3937372729
5275,0.6835889931
5276,0.7043563409
5287,0.5671028074
5293,0.6489507756
5294,0.6298307153
5295,0.6026620925
5301,0.7098521412
5304,0.2176065127
5310,0.8185865888
5313,0.3746762072
5318,0.8432628930
5332,0.7540832881
5343,0.7027842397
5347,0.3983155161
5352,0.4770444447
5355,0.6169383826
5357,0.8203544040
5359,0.3706752152
5360,0.3820602954
5374,0.5156922632
5375,0.2807510121
5383,0.5000000000
5387,0.4917769588
5392,0.8151293181
5397,0.7002854390
5399,0.3822508133
5403,0.5063049226
5413,0.5740838718
5414,0.3925850680
5419,0.7469881141
5420,0.7185354267
5423,0.4472379677
5428,0.6127714779
5430,0.7006217932
5431,0.8412607645
5432,0.8006146482
5434,0.3900143936
5436,0.5000000000
5437,0.5346821997
5445,0.6961754342
5448,0.6741234757
5453,0.3326475027
5459,0.7621410754
5461,0.8459605469
5464,0.7444422402
5465,0.3699355647
5474,0.8812218791
5479,0.3623245389
5480,0.4491272007
5486,0.4776879156
5488,0.6969427889
5490,0.5953093429
5492,0.4349616496
5496,0.3706785608
5499,0.7957879781
5500,0.8131038555
5516,0.7298223614
5522,0.7458589764
5530,0.4066652820
5531,0.8092740567
5537,0.3492020464
5538,0.2440578382
5554,0.7177691328
5556,0.8745429376
5561,0.8492156605
5562,0.8270885062
5569,0.3661808537
5573,0.7845654876
5576,0.6486466471
5581,0.6939744325
5588,0.7669482176
5592,0.7266974365
5596,0.4668449194
5600,0.6803399752
5602,0.5334178283
5603,0.5060163013
5609,0.7305098401
5612,0.5875134734
5617,0.8036637589
5620,0.4909349964
5621,0.6684865216
5623,0.4404286075
5634,0.6306596476
5639,0.8572443429
5642,0.6071199411
5643,0.3001821347
5645,0.5240164340
5648,0.2121127192
5659,0.5198978241
5664,0.5818186235
5674,0.7438075587
5676,0.2010444784
5680,0.3186523514
5681,0.6955763523
5683,0.6264152260
5690,0.7154076970
5698,0.4786746071
5706,0.8442152077
5717,0.7057473203
5721,0.6984723265
5723,0.5323696848
5726,0.4625838822
5730,0.7478571224
5736,0.4136178827
5741,0.3308248104
5748,0.3590144747
5749,0.4430508950
5750,0.3834961417
5757,0.2448147780
5761,0.7088669590
5766,0.6116056211
5779,0.5000000000
5789,0.4625642922
5791,0.7244243991
5794,0.5000000000
5797,0.2569294625
5806,0.2865483400
5811,0.7249067631
5812,0.5597846582
5814,0.6005602566
5815,0.6810953060
5816,0.6893385169
5824,0.5234196975
5826,0.2339226071
5827,0.6979887435
5843,0.8863909553
5848,0.4654728002
5859,0.2532973369
5863,0.5891834844
5864,0.4890741726
5877,0.5539450833
5880,0.4071476826
5882,0.7716053255
5886,0.5722550699
5890,0.5649265774
5891,0.5924065028
5892,0.4776357182
5900,0.4151628402
5903,0.4254263023
5907,0.5477992523
5912,0.6871430255
5914,0.8255611965
5923,0.7284699645
5930,0.4284343144
5937,0.4580607998
5938,0.2102715404
5946,0.3691650859
5948,0.7540334331
5950,0.2524911839
5952,0.5323693483
5953,0.2598028905
5956,0.8687114961
5957,0.5690425252
5960,0.6636453183
5967,0.5895892912
5969,0.2759335247
5975,0.5155809316
5976,0.2831584463
5979,0.3369522865
5986,0.3224878449
5988,0.3736089674
5989,0.5414733058
5991,0.9273508324
5993,0.3884013145
5999,0.6322686832
6009,0.8037218793
6014,0.5064083371
6015,0.6316320885
6016,0.1474411405
6019,0.8550108933
6036,0.4314771854
6037,0.2236328941
6038,0.5000000000
6042,0.8972387155
6048,0.5827596638
6056,0.7127519137
6058,0.3331543167
6065,0.8594380960
6067,0.7707724358
6071,0.4830769058
6072,0.4357187552
6073,0.5383579094
6079,0.4109111558
6081,0.6508336399
6090,0.6207880658
6094,0.3112293565
6099,0.3811661654
6102,0.8433631925
6105,0.4850053147
6115,0.6609668640
6118,0.5705006229
6125,0.2825503355
6128,0.4368311047
6130,0.3304962201
6131,0.6633333020
6137,0.7953262936
6162,0.2292144283
6172,0.5132537091
6179,0.7217040125
6182,0.6748566272
6184,0.6527204972
6186,0.7000816459
6187,0.2830081518
6195,0.2537432994
6196,0.7916823958
6197,0.9426615753
6200,0.3068191834
6201,0.8113956671
6205,0.3548167426
6207,0.4568354375
6208,0.7036983144
6214,0.5692081195
6215,0.8321184244
6222,0.6749526641
6223,0.7161853897
6239,0.5291025075
6241,0.2647948718
6243,0.3019913451
6245,0.3401594417
6257,0.7475206753
6258,0.8045348344
6260,0.5111244755
6264,0.8585530703
6267,0.8298974362
6283,0.8720484633
6285,0.7755093152
6289,0.6113187437
6292,0.6676529303
6293,0.8879452653
6294,0.8059795698
6297,0.5241355392
6298,0.4933485803
6299,0.7753537181
6307,0.5218034590
6308,0.7619607063
6319,0.4515056694
6321,0.7574795227
6335,0.5140681740
6341,0.7910092711
6343,0.8414491059
6348,0.4798986967
6349,0.9368123312
6353,0.8658273016
6362,0.3669399668
6363,0.8261805809
6377,0.6275366016
6378,0.5468128409
6388,0.5597449121
6389,0.5667050751
6391,0.7867781746
6392,0.4524723975
6393,0.4235273213
6394,0.7075002449
6395,0.1480380184
6405,0.6491550208
6408,0.8597813680
6409,0.5360767960
6412,0.6528383390
6415,0.4556834978
6421,0.6037253660
6426,0.5522036535
6428,0.6860704412
6438,0.5366238767
6439,0.4586938278
6440,0.9161831972
6445,0.3780809210
6447,0.8630268468
6450,0.3739138445
6451,0.5081262733
6452,0.6752731966
6458,0.3207644379
6459,0.4832958643
6461,0.6713448458
6464,0.2093214584
6468,0.5555830166
6477,0.8669714781
6478,0.7658212935
6479,0.8303055423
6481,0.3599166320
6494,0.5278683961
6495,0.5000000000
6497,0.8374407378
6503,0.1622756183
6504,0.8592135751
6505,0.5062194635
6513,0.4356341747
6520,0.3730862908
6521,0.1173520440
6522,0.8436714981
6524,0.7219892898
6526,0.6130204869
6527,0.2473977694
6538,0.5659645537
6541,0.2964924810
6543,0.4009499270
6546,0.6556712010
6573,0.7247512191
6578,0.3417890957
6583,0.4194296252
6584,0.2437606854
6589,0.5103207645
6592,0.6055550336
6595,0.2300602148
6597,0.5216729404
6604,0.7467621207
6606,0.7666708250
6613,0.8440155216
6619,0.5893614221
6625,0.7922145623
6626,0.8203633420
6638,0.4763449500
6639,0.1922467280
6641,0.6893190720
6645,0.4518613562
6646,0.4070077179
6651,0.4250736305
6653,0.6538194188
6662,0.7008740947
6676,0.6824201346
6684,0.7539899091
6698,0.1342866152
6704,0.7391356287
6709,0.7879269881
6710,0.6116730149
6714,0.8562464035
6717,0.8932938336
6718,0.5517902232
6719,0.8123232559
6722,0.6751478155
6724,0.2289647231
6739,0.6198708615
6740,0.2411274993
6753,0.7997852075
6760,0.5444612138
6768,0.6377077600
6771,0.4247599127
6774,0.3910449664
6775,0.2204511051
6780,0.5641233376
6787,0.6966879512
6788,0.6347270080
6793,0.1566299732
6794,0.7471710154
6800,0.2947592283
6805,0.8925708365
6814,0.3304318972
6822,0.9006733768
6825,0.5156957278
6828,0.2638952626
6839,0.3549041946
6841,0.8017457449
6842,0.4218835160
6843,0.3638911542
6848,0.6775188164
6851,0.4187637581
6854,0.7650705016
6878,0.7623092564
6879,0.7168857540
6881,0.5655093438
6883,0.1707269276
6886,0.5946451931
6893,0.3080804676
6898,0.6557715986
6907,0.7832941057
6911,0.7306544127
6913,0.7164287573
6924,0.7227596857
6926,0.4888994183
6927,0.2340478469
6931,0.8290328329
6933,0.5746845838
6934,0.3361387591
6937,0.6469881733
6945,0.7088010901
6954,0.7728706171
6959,0.3990108419
6966,0.2981755172
6971,0.3369576424
6973,0.7047752448
6978,0.7789323655
6989,0.3026392625
6993,0.7597047729
7006,0.7209111664
7011,0.7710758695
7014,0.7520907945
7015,0.6065671621
7025,0.7319528554
7028,0.7625390266
7037,0.3588028566
7040,0.4843518805
7041,0.5076823768
7043,0.7676631475
7045,0.4788384663
7046,0.4780996038
7054,0.6465543182
7057,0.6873560981
7058,0.7926285571
7059,0.8390523107
7069,0.5683043066
7070,0.2131453924
7078,0.4601010435
7086,0.6963153685
7090,0.8649060783
7091,0.3992402115
7094,0.3037693260
7100,0.7252913555
7109,0.4635634156
7121,0.3852653053
7130,0.3725479011
7131,0.6139959008
7132,0.2732124285
7133,0.3556143739
7148,0.6753531565
7151,0.3277853177
7155,0.5225756841
7159,0.6488721363
7165,0.6434070919
7176,0.4464119613
7182,0.7642943825
7187,0.8004522251
7189,0.5122922322
7190,0.4224648116
7194,0.2263871791
7196,0.2671164752
7197,0.8417775126
7208,0.8437532445
7212,0.7239751550
7215,0.6682924782
7217,0.2321834220
7222,0.4165761689
7223,0.4721179789
7227,0.3688629431
7230,0.7411524043
7239,0.4035263141
7266,0.5577773321
7272,0.8384470965
7273,0.5842572903
7274,0.5152457218
7280,0.5164330288
7281,0.2705597400
7284,0.4777815640
7292,0.4619495968
7293,0.5317609224
7299,0.6933483369
7302,0.2815353935
7305,0.3744950218
7310,0.3967515393
7313,0.7077743742
7317,0.5927132746
7323,0.6007762635
7326,0.3117001016
7333,0.8212176424
7335,0.5226347970
7343,0.6096177055
7344,0.2525563610
7347,0.5000000000
7353,0.8891579826
7361,0.1339512265
7366,0.5744222431
7385,0.4083887105
7386,0.8191118275
7408,0.7767892099
7411,0.4167210175
7422,0.5819888817
7437,0.3973406759
7451,0.6056946824
7453,0.6018234947
7459,0.6934857929
7537,0.8031594979
7551,0.4731639178
7559,0.1553115918
7644,0.4587842873
7653,0.5075072230
7660,0.5863972968
7662,0.8302181271
7696,0.6887443143
7702,0.5909716039
7705,0.4465265203
7707,0.6518097879
7721,0.7741731361
7727,0.6536832869
7742,0.3069582532
7764,0.3859586421
7768,0.3116628007
7795,0.4219869497
7801,0.8132392631
7805,0.1645539019
7808,0.4221476443
7811,0.7677246288
7841,0.3290752575
7848,0.5290802194
7851,0.3126487184
7853,0.6896063061
7866,0.6434357820
7868,0.3926690223
7870,0.6470477603
7872,0.8192922748
7875,0.6472746616
7880,0.5260642591
7881,0.8049601639
7901,0.5562211234
7905,0.4717380860
7909,0.3520522155
7936,0.4725012856
7938,0.4220968726
7943,0.6913006089
7946,0.3929151455
7951,0.3091785956
7990,0.5952499924
7998,0.2767527078
8011,0.5975775928
8020,0.5406220991
8025,0.3394735451
8051,0.2360269957
8061,0.7595091634
8073,0.4004357301
8075,0.4460249738
8078,0.6586002623
8087,0.6364279894
8091,0.3953833201
8099,0.7519044944
8118,0.6071890547
8121,0.3589477486
8125,0.4240651104
8146,0.5380007604
8152,0.6181979160
8153,0.6382081505
8161,0.6314905660
8165,0.4449321987
8175,0.5540728525
8188,0.8105827719
8257,0.5731101534
8266,0.6217176257
8273,0.5798792544
8293,0.8796213152
8317,0.6950970423
8331,0.7049026069
8344,0.2313341918
8353,0.8752306126
8366,0.2897185708
8374,0.1861025334
8382,0.4554864477
8386,0.6794147660
8423,0.6153984238
8456,0.3229398118
8491,0.5507781455
8503,0.3667084828
8510,0.5236732577
8511,0.6918099854
8544,0.5889456556
8556,0.7704798376
8578,0.5752361336
8609,0.7039218082
8610,0.8051023134
8614,0.2039958316
8657,0.4192654156
8658,0.5732573169
8669,0.5645189592
8677,0.6654777044
8678,0.5305088080
8682,0.3441738725
8710,0.6481218953
8731,0.2014275563
8745,0.8100442818
8749,0.3769607078
8752,0.7546016972
8772,0.6509862569
8779,0.3811915560
8792,0.4823510318
8812,0.6820666496
8825,0.5295608704
8852,0.5777542542
8866,0.4566798566
8894,0.6850676982
8906,0.6524513457
8936,0.8321170030
8938,0.6323075813
8957,0.2466571342
8961,0.6470746693
8970,0.2882565643
9005,0.5312899853
9031,0.4851162754
9050,0.6903734710
9051,0.6857053755
9052,0.6732798739
9066,0.6784162277
9076,0.7379402666
9090,0.6469018704
9216,0.5990862961
